
CREATE DATABASE /*!32312 IF NOT EXISTS*/`vetpet` /*!40100 DEFAULT CHARACTER SET utf8 COLLATE utf8_turkish_ci */;

USE `vetpet`;

/*Table structure for table `address` */

DROP TABLE IF EXISTS `address`;

CREATE TABLE `address` (
  `id` int(11) NOT NULL AUTO_INCREMENT,
  `userId` int(11) DEFAULT NULL,
  `ilId` int(11) DEFAULT NULL,
  `ilceId` int(11) DEFAULT NULL,
  `directions` varchar(255) COLLATE utf8_turkish_ci DEFAULT NULL,
  `createdDate` datetime DEFAULT NULL,
  PRIMARY KEY (`id`)
) ENGINE=InnoDB AUTO_INCREMENT=3 DEFAULT CHARSET=utf8 COLLATE=utf8_turkish_ci;

/*Data for the table `address` */

insert  into `address`(`id`,`userId`,`ilId`,`ilceId`,`directions`,`createdDate`) values 
(1,2,2,2,'inönü mah. 438.sok no:29 daire:1','2023-05-26 03:48:15'),
(2,2,2,2,'inönü...sbvsfbhsr','2023-05-26 03:52:03');

/*Table structure for table `admin` */

DROP TABLE IF EXISTS `admin`;

CREATE TABLE `admin` (
  `id` int(11) NOT NULL AUTO_INCREMENT,
  `username` varchar(255) COLLATE utf8_turkish_ci DEFAULT NULL,
  `password` varchar(500) COLLATE utf8_turkish_ci DEFAULT NULL,
  `CreatedDate` date DEFAULT NULL,
  `isActive` int(11) DEFAULT NULL,
  PRIMARY KEY (`id`)
) ENGINE=InnoDB AUTO_INCREMENT=12 DEFAULT CHARSET=utf8 COLLATE=utf8_turkish_ci;

/*Data for the table `admin` */

insert  into `admin`(`id`,`username`,`password`,`CreatedDate`,`isActive`) values 
(1,'beyza','$2y$10$NOATDCek94zTHaT95Gg.AOM0CcK9s3f1UuweeNw3//yxI/UH81LYq','2022-12-23',1),
(2,'eren','$2y$10$ybMBnsRTZ32B.K92uVXygu9voVU3K2sOWKV38AX6B8g39Hi3hUn9a','2022-12-23',1),
(3,'yunus','$2y$10$S6gZMcUn3GQ.4p4wK4rQV.daYDhm9grJZ.gDNrqa.VYiq4.kbLvuS','2022-12-23',0),
(4,'ibrahim','$2y$10$fciZPf452Tx3HQEcsKRZlOz3CiF1tYS1ayULTkblbog3Y.BMgcqt6','2022-12-23',1),
(5,'doruk','$2y$10$GIMiNsVF/RRnITlaRQDT5Oma96YyGMshJf2dxr6k7szHXUY7aYt2u','2022-12-23',1),
(6,'deneme1','$2y$10$W2TiMf4xh22QoMxJg1Cnv.txuKLiBtBR.dHk3ef03y4GCYqeJ97pu','2023-05-25',0),
(7,'123','$2y$10$w3.4EjM/MiRfoYdhYa2wxeZWbK8hbs.0dOa0HdAaJC2rcHIZKAzru','2023-05-25',0),
(8,'deneme','$2y$10$hWlc/iYiJ4elzS9kd.1zeeKkyWNspvErCB22NM152mxp6BzWuBGKi','2023-05-25',0),
(9,'admin','$2y$10$VsERf.FCixFCE2HT8vlSOuTEP9fAo5iXsysrppIGq2gPW3kuN6.56','2023-05-25',0),
(10,'yeniadmin','$2y$10$aNL1rxF.nJx.1PJK9EdKTOgSLKRkN8WDB1UMlIA56wdmjvKVIUwQW','2023-05-31',0),
(11,'sşrlgmbşrl','$2y$10$UmUhfU8W6aSAieA4AgYp9ea3VkFYTh/DFnAOCiYmpqS0owh2gPrbW','2023-05-31',0);

/*Table structure for table `animals` */

DROP TABLE IF EXISTS `animals`;

CREATE TABLE `animals` (
  `id` int(11) NOT NULL AUTO_INCREMENT,
  `userId` int(11) DEFAULT NULL,
  `petname` varchar(50) COLLATE utf8_turkish_ci NOT NULL,
  `animalDescription` text COLLATE utf8_turkish_ci,
  `isActive` int(11) DEFAULT NULL,
  `createdDate` datetime DEFAULT NULL,
  `breed` varchar(50) COLLATE utf8_turkish_ci DEFAULT NULL,
  `gender` int(11) DEFAULT NULL,
  `dateOfBirth` datetime DEFAULT NULL,
  `vaccine1` varchar(50) COLLATE utf8_turkish_ci DEFAULT NULL,
  `vaccine2` varchar(50) COLLATE utf8_turkish_ci DEFAULT NULL,
  `vaccine3` varchar(50) COLLATE utf8_turkish_ci DEFAULT NULL,
  `vaccine4` varchar(50) COLLATE utf8_turkish_ci DEFAULT NULL,
  `date1` datetime DEFAULT NULL,
  `date2` datetime DEFAULT NULL,
  `date3` datetime DEFAULT NULL,
  `date4` datetime DEFAULT NULL,
  `irk` text COLLATE utf8_turkish_ci,
  PRIMARY KEY (`id`)
) ENGINE=InnoDB AUTO_INCREMENT=5 DEFAULT CHARSET=utf8 COLLATE=utf8_turkish_ci;

/*Data for the table `animals` */

insert  into `animals`(`id`,`userId`,`petname`,`animalDescription`,`isActive`,`createdDate`,`breed`,`gender`,`dateOfBirth`,`vaccine1`,`vaccine2`,`vaccine3`,`vaccine4`,`date1`,`date2`,`date3`,`date4`,`irk`) values 
(1,12,'test a ad as',NULL,1,'2023-05-30 00:43:09','test sad asdd asd sad ',1,'2023-05-30 00:00:00','ddasd','dasdasd','fdafsf','dsfsdf','2023-05-30 00:00:00','2023-05-30 00:00:00','2023-05-30 00:00:00','2023-05-30 00:00:00',NULL),
(2,12,'asdas  ad asd adasd a d test',NULL,1,'2023-05-30 03:33:27','d asdasd',1,'2023-05-30 00:00:00','dassad','sadasd','asdasd','dasdasd','2023-05-30 00:00:00','2023-05-30 00:00:00','2023-05-30 00:00:00','2023-05-30 00:00:00',NULL),
(3,12,'adasdadsa dasd ad d',NULL,1,'2023-05-31 02:26:19','dasdsdsds',1,'2023-05-04 00:00:00','sadasdsad','sdasdsadsad','sadsadsdasd','sadadsadsa','2023-05-19 00:00:00','2023-05-09 00:00:00','2023-05-20 00:00:00','2023-05-15 00:00:00',NULL),
(4,12,'test 4','test',1,'2023-05-31 03:30:11','adadajyjyrkr',1,'2020-05-20 00:00:00','ads','sadasd','sasdasdad','adas','2020-05-20 00:00:00','2020-05-20 00:00:00','2020-05-20 00:00:00','2020-05-20 00:00:00',NULL);

/*Table structure for table `category` */

DROP TABLE IF EXISTS `category`;

CREATE TABLE `category` (
  `id` int(11) NOT NULL AUTO_INCREMENT,
  `categoryName` varchar(100) COLLATE utf8_turkish_ci NOT NULL,
  `categoryDescription` text COLLATE utf8_turkish_ci,
  `isActive` int(11) DEFAULT NULL,
  `createdDate` datetime DEFAULT NULL,
  PRIMARY KEY (`id`)
) ENGINE=InnoDB AUTO_INCREMENT=8 DEFAULT CHARSET=utf8 COLLATE=utf8_turkish_ci;

/*Data for the table `category` */

insert  into `category`(`id`,`categoryName`,`categoryDescription`,`isActive`,`createdDate`) values 
(1,'İlaçlar..','sa',1,'2023-04-03 00:24:44'),
(2,'11','1 HVHJJ',1,'2023-04-19 05:42:23'),
(3,'233','33',0,'2023-04-19 05:48:49'),
(4,'33','13',0,'2023-04-19 06:03:38'),
(5,'123','123d s',1,'2023-05-18 21:17:21'),
(6,'21','2',1,'2023-05-18 21:17:54'),
(7,'şlfmbşltemh','şlrgmşrlsmhşw',0,'2023-05-31 20:19:10');

/*Table structure for table `contact` */

DROP TABLE IF EXISTS `contact`;

CREATE TABLE `contact` (
  `id` int(11) NOT NULL AUTO_INCREMENT,
  `fullname` varchar(255) COLLATE utf8_turkish_ci DEFAULT NULL,
  `email` varchar(255) COLLATE utf8_turkish_ci DEFAULT NULL,
  `phonenumber` varchar(30) COLLATE utf8_turkish_ci DEFAULT NULL,
  `comment` text COLLATE utf8_turkish_ci,
  `isActive` int(11) DEFAULT NULL,
  `createdDate` datetime DEFAULT NULL,
  PRIMARY KEY (`id`)
) ENGINE=InnoDB AUTO_INCREMENT=14 DEFAULT CHARSET=utf8 COLLATE=utf8_turkish_ci;

/*Data for the table `contact` */

insert  into `contact`(`id`,`fullname`,`email`,`phonenumber`,`comment`,`isActive`,`createdDate`) values 
(3,'Beyza Rabia Kılıçaslan','beyzarabia121@gmail.com','05302029530','OLDU AYOL OLDU ',1,'2023-05-25 04:40:52'),
(5,'Beyza Rabia Kılıçaslan','beyzarabia121@gmail.com','05302029530','poopoö',1,'2023-05-25 04:40:55'),
(6,'Beyza Rabia Kılıçaslan','beyzarabia121@gmail.com','05302029530','onojmoı',1,'2023-05-25 04:40:57'),
(7,'Beyza Rabia Kılıçaslan','beyzarabia121@gmail.com','01561651581','onojmoı',1,'2023-05-25 04:40:59'),
(8,'Beyza Rabia Kılıçaslan','beyzarabia121@gmail.com','05298129821','onojmoı',1,'2023-05-25 04:41:01'),
(9,'Beyza Rabia Kılıçaslan','beyzarabia121@gmail.com','05865986986','onojmoı',0,'2023-05-25 04:41:03'),
(10,'Beyza Rabia Kılıçaslan','beyzarabia121@gmail.com','05686575878','onojmoı587',1,'2023-05-25 04:41:04'),
(11,'hrdhdtr','gjntgf@gmail.com','07325723783','yhkf',1,'2023-05-25 04:41:06'),
(12,'rgweg','wrhewh@gmail.com','05189181818','hreheh',1,'2023-05-25 04:41:08'),
(13,'sena akbaba','sena.akbaba2002@gmail.com','02530252515','ekjfbkehqbfkjebqgq',1,NULL);

/*Table structure for table `durum` */

DROP TABLE IF EXISTS `durum`;

CREATE TABLE `durum` (
  `id` int(11) NOT NULL,
  `aktif` varchar(100) COLLATE utf8_turkish_ci DEFAULT NULL,
  `pasif` varchar(100) COLLATE utf8_turkish_ci DEFAULT NULL,
  `kayıt kapandı` varchar(100) COLLATE utf8_turkish_ci DEFAULT NULL,
  PRIMARY KEY (`id`)
) ENGINE=InnoDB DEFAULT CHARSET=utf8 COLLATE=utf8_turkish_ci;

/*Data for the table `durum` */

/*Table structure for table `ilce` */

DROP TABLE IF EXISTS `ilce`;

CREATE TABLE `ilce` (
  `id` int(11) NOT NULL AUTO_INCREMENT,
  `ilId` int(11) DEFAULT NULL,
  `ilceAdi` varchar(32) COLLATE utf8_turkish_ci NOT NULL,
  PRIMARY KEY (`id`),
  KEY `idx_ilceler_sehir_id` (`ilId`),
  CONSTRAINT `ilce_ibfk_1` FOREIGN KEY (`ilId`) REFERENCES `iller` (`id`)
) ENGINE=InnoDB AUTO_INCREMENT=975 DEFAULT CHARSET=utf8 COLLATE=utf8_turkish_ci;

/*Data for the table `ilce` */

insert  into `ilce`(`id`,`ilId`,`ilceAdi`) values 
(1,1,'ALADAĞ'),
(2,1,'CEYHAN'),
(3,1,'ÇUKUROVA'),
(4,1,'FEKE'),
(5,1,'İMAMOĞLU'),
(6,1,'KARAİSALI'),
(7,1,'KARATAŞ'),
(8,1,'KOZAN'),
(9,1,'POZANTI'),
(10,1,'SAİMBEYLİ'),
(11,1,'SARIÇAM'),
(12,1,'SEYHAN'),
(13,1,'TUFANBEYLİ'),
(14,1,'YUMURTALIK'),
(15,1,'YÜREĞİR'),
(16,2,'BESNİ'),
(17,2,'ÇELİKHAN'),
(18,2,'GERGER'),
(19,2,'GÖLBAŞI'),
(20,2,'KAHTA'),
(21,2,'MERKEZ'),
(22,2,'SAMSAT'),
(23,2,'SİNCİK'),
(24,2,'TUT'),
(25,3,'BAŞMAKÇI'),
(26,3,'BAYAT'),
(27,3,'BOLVADİN'),
(28,3,'ÇAY'),
(29,3,'ÇOBANLAR'),
(30,3,'DAZKIRI'),
(31,3,'DİNAR'),
(32,3,'EMİRDAĞ'),
(33,3,'EVCİLER'),
(34,3,'HOCALAR'),
(35,3,'İHSANİYE'),
(36,3,'İSCEHİSAR'),
(37,3,'KIZILÖREN'),
(38,3,'MERKEZ'),
(39,3,'SANDIKLI'),
(40,3,'SİNANPAŞA'),
(41,3,'SULTANDAĞI'),
(42,3,'ŞUHUT'),
(43,4,'DİYADİN'),
(44,4,'DOĞUBAYAZIT'),
(45,4,'ELEŞKİRT'),
(46,4,'HAMUR'),
(47,4,'MERKEZ'),
(48,4,'PATNOS'),
(49,4,'TAŞLIÇAY'),
(50,4,'TUTAK'),
(51,5,'GÖYNÜCEK'),
(52,5,'GÜMÜŞHACIKÖY'),
(53,5,'HAMAMÖZÜ'),
(54,5,'MERKEZ'),
(55,5,'MERZİFON'),
(56,5,'SULUOVA'),
(57,5,'TAŞOVA'),
(58,6,'AKYURT'),
(59,6,'ALTINDAĞ'),
(60,6,'AYAŞ'),
(61,6,'BALA'),
(62,6,'BEYPAZARI'),
(63,6,'ÇAMLIDERE'),
(64,6,'ÇANKAYA'),
(65,6,'ÇUBUK'),
(66,6,'ELMADAĞ'),
(67,6,'ETİMESGUT'),
(68,6,'EVREN'),
(69,6,'GÖLBAŞI'),
(70,6,'GÜDÜL'),
(71,6,'HAYMANA'),
(72,6,'KAHRAMANKAZAN'),
(73,6,'KALECİK'),
(74,6,'KEÇİÖREN'),
(75,6,'KIZILCAHAMAM'),
(76,6,'MAMAK'),
(77,6,'NALLIHAN'),
(78,6,'POLATLI'),
(79,6,'PURSAKLAR'),
(80,6,'SİNCAN'),
(81,6,'ŞEREFLİKOÇHİSAR'),
(82,6,'YENİMAHALLE'),
(83,7,'AKSEKİ'),
(84,7,'AKSU'),
(85,7,'ALANYA'),
(86,7,'DEMRE'),
(87,7,'DÖŞEMEALTI'),
(88,7,'ELMALI'),
(89,7,'FİNİKE'),
(90,7,'GAZİPAŞA'),
(91,7,'GÜNDOĞMUŞ'),
(92,7,'İBRADI'),
(93,7,'KAŞ'),
(94,7,'KEMER'),
(95,7,'KEPEZ'),
(96,7,'KONYAALTI'),
(97,7,'KORKUTELİ'),
(98,7,'KUMLUCA'),
(99,7,'MANAVGAT'),
(100,7,'MURATPAŞA'),
(101,7,'SERİK'),
(102,8,'ARDANUÇ'),
(103,8,'ARHAVİ'),
(104,8,'BORÇKA'),
(105,8,'HOPA'),
(106,8,'KEMALPAŞA'),
(107,8,'MERKEZ'),
(108,8,'MURGUL'),
(109,8,'ŞAVŞAT'),
(110,8,'YUSUFELİ'),
(111,9,'BOZDOĞAN'),
(112,9,'BUHARKENT'),
(113,9,'ÇİNE'),
(114,9,'DİDİM'),
(115,9,'EFELER'),
(116,9,'GERMENCİK'),
(117,9,'İNCİRLİOVA'),
(118,9,'KARACASU'),
(119,9,'KARPUZLU'),
(120,9,'KOÇARLI'),
(121,9,'KÖŞK'),
(122,9,'KUŞADASI'),
(123,9,'KUYUCAK'),
(124,9,'NAZİLLİ'),
(125,9,'SÖKE'),
(126,9,'SULTANHİSAR'),
(127,9,'YENİPAZAR'),
(128,10,'ALTIEYLÜL'),
(129,10,'AYVALIK'),
(130,10,'BALYA'),
(131,10,'BANDIRMA'),
(132,10,'BİGADİÇ'),
(133,10,'BURHANİYE'),
(134,10,'DURSUNBEY'),
(135,10,'EDREMİT'),
(136,10,'ERDEK'),
(137,10,'GÖMEÇ'),
(138,10,'GÖNEN'),
(139,10,'HAVRAN'),
(140,10,'İVRİNDİ'),
(141,10,'KARESİ'),
(142,10,'KEPSUT'),
(143,10,'MANYAS'),
(144,10,'MARMARA'),
(145,10,'SAVAŞTEPE'),
(146,10,'SINDIRGI'),
(147,10,'SUSURLUK'),
(148,11,'BOZÜYÜK'),
(149,11,'GÖLPAZARI'),
(150,11,'İNHİSAR'),
(151,11,'MERKEZ'),
(152,11,'OSMANELİ'),
(153,11,'PAZARYERİ'),
(154,11,'SÖĞÜT'),
(155,11,'YENİPAZAR'),
(156,12,'ADAKLI'),
(157,12,'GENÇ'),
(158,12,'KARLIOVA'),
(159,12,'KİĞI'),
(160,12,'MERKEZ'),
(161,12,'SOLHAN'),
(162,12,'YAYLADERE'),
(163,12,'YEDİSU'),
(164,13,'ADİLCEVAZ'),
(165,13,'AHLAT'),
(166,13,'GÜROYMAK'),
(167,13,'HİZAN'),
(168,13,'MERKEZ'),
(169,13,'MUTKİ'),
(170,13,'TATVAN'),
(171,14,'DÖRTDİVAN'),
(172,14,'GEREDE'),
(173,14,'GÖYNÜK'),
(174,14,'KIBRISCIK'),
(175,14,'MENGEN'),
(176,14,'MERKEZ'),
(177,14,'MUDURNU'),
(178,14,'SEBEN'),
(179,14,'YENİÇAĞA'),
(180,15,'AĞLASUN'),
(181,15,'ALTINYAYLA'),
(182,15,'BUCAK'),
(183,15,'ÇAVDIR'),
(184,15,'ÇELTİKÇİ'),
(185,15,'GÖLHİSAR'),
(186,15,'KARAMANLI'),
(187,15,'KEMER'),
(188,15,'MERKEZ'),
(189,15,'TEFENNİ'),
(190,15,'YEŞİLOVA'),
(191,16,'BÜYÜKORHAN'),
(192,16,'GEMLİK'),
(193,16,'GÜRSU'),
(194,16,'HARMANCIK'),
(195,16,'İNEGÖL'),
(196,16,'İZNİK'),
(197,16,'KARACABEY'),
(198,16,'KELES'),
(199,16,'KESTEL'),
(200,16,'MUDANYA'),
(201,16,'MUSTAFAKEMALPAŞA'),
(202,16,'NİLÜFER'),
(203,16,'ORHANELİ'),
(204,16,'ORHANGAZİ'),
(205,16,'OSMANGAZİ'),
(206,16,'YENİŞEHİR'),
(207,16,'YILDIRIM'),
(208,17,'AYVACIK'),
(209,17,'BAYRAMİÇ'),
(210,17,'BİGA'),
(211,17,'BOZCAADA'),
(212,17,'ÇAN'),
(213,17,'ECEABAT'),
(214,17,'EZİNE'),
(215,17,'GELİBOLU'),
(216,17,'GÖKÇEADA'),
(217,17,'LAPSEKİ'),
(218,17,'MERKEZ'),
(219,17,'YENİCE'),
(220,18,'ATKARACALAR'),
(221,18,'BAYRAMÖREN'),
(222,18,'ÇERKEŞ'),
(223,18,'ELDİVAN'),
(224,18,'ILGAZ'),
(225,18,'KIZILIRMAK'),
(226,18,'KORGUN'),
(227,18,'KURŞUNLU'),
(228,18,'MERKEZ'),
(229,18,'ORTA'),
(230,18,'ŞABANÖZÜ'),
(231,18,'YAPRAKLI'),
(232,19,'ALACA'),
(233,19,'BAYAT'),
(234,19,'BOĞAZKALE'),
(235,19,'DODURGA'),
(236,19,'İSKİLİP'),
(237,19,'KARGI'),
(238,19,'LAÇİN'),
(239,19,'MECİTÖZÜ'),
(240,19,'MERKEZ'),
(241,19,'OĞUZLAR'),
(242,19,'ORTAKÖY'),
(243,19,'OSMANCIK'),
(244,19,'SUNGURLU'),
(245,19,'UĞURLUDAĞ'),
(246,20,'ACIPAYAM'),
(247,20,'BABADAĞ'),
(248,20,'BAKLAN'),
(249,20,'BEKİLLİ'),
(250,20,'BEYAĞAÇ'),
(251,20,'BOZKURT'),
(252,20,'BULDAN'),
(253,20,'ÇAL'),
(254,20,'ÇAMELİ'),
(255,20,'ÇARDAK'),
(256,20,'ÇİVRİL'),
(257,20,'GÜNEY'),
(258,20,'HONAZ'),
(259,20,'KALE'),
(260,20,'MERKEZEFENDİ'),
(261,20,'PAMUKKALE'),
(262,20,'SARAYKÖY'),
(263,20,'SERİNHİSAR'),
(264,20,'TAVAS'),
(265,21,'BAĞLAR'),
(266,21,'BİSMİL'),
(267,21,'ÇERMİK'),
(268,21,'ÇINAR'),
(269,21,'ÇÜNGÜŞ'),
(270,21,'DİCLE'),
(271,21,'EĞİL'),
(272,21,'ERGANİ'),
(273,21,'HANİ'),
(274,21,'HAZRO'),
(275,21,'KAYAPINAR'),
(276,21,'KOCAKÖY'),
(277,21,'KULP'),
(278,21,'LİCE'),
(279,21,'SİLVAN'),
(280,21,'SUR'),
(281,21,'YENİŞEHİR'),
(282,22,'ENEZ'),
(283,22,'HAVSA'),
(284,22,'İPSALA'),
(285,22,'KEŞAN'),
(286,22,'LALAPAŞA'),
(287,22,'MERİÇ'),
(288,22,'MERKEZ'),
(289,22,'SÜLOĞLU'),
(290,22,'UZUNKÖPRÜ'),
(291,23,'AĞIN'),
(292,23,'ALACAKAYA'),
(293,23,'ARICAK'),
(294,23,'BASKİL'),
(295,23,'KARAKOÇAN'),
(296,23,'KEBAN'),
(297,23,'KOVANCILAR'),
(298,23,'MADEN'),
(299,23,'MERKEZ'),
(300,23,'PALU'),
(301,23,'SİVRİCE'),
(302,24,'ÇAYIRLI'),
(303,24,'İLİÇ'),
(304,24,'KEMAH'),
(305,24,'KEMALİYE'),
(306,24,'MERKEZ'),
(307,24,'OTLUKBELİ'),
(308,24,'REFAHİYE'),
(309,24,'TERCAN'),
(310,24,'ÜZÜMLÜ'),
(311,25,'AŞKALE'),
(312,25,'AZİZİYE'),
(313,25,'ÇAT'),
(314,25,'HINIS'),
(315,25,'HORASAN'),
(316,25,'İSPİR'),
(317,25,'KARAÇOBAN'),
(318,25,'KARAYAZI'),
(319,25,'KÖPRÜKÖY'),
(320,25,'NARMAN'),
(321,25,'OLTU'),
(322,25,'OLUR'),
(323,25,'PALANDÖKEN'),
(324,25,'PASİNLER'),
(325,25,'PAZARYOLU'),
(326,25,'ŞENKAYA'),
(327,25,'TEKMAN'),
(328,25,'TORTUM'),
(329,25,'UZUNDERE'),
(330,25,'YAKUTİYE'),
(331,26,'ALPU'),
(332,26,'BEYLİKOVA'),
(333,26,'ÇİFTELER'),
(334,26,'GÜNYÜZÜ'),
(335,26,'HAN'),
(336,26,'İNÖNÜ'),
(337,26,'MAHMUDİYE'),
(338,26,'MİHALGAZİ'),
(339,26,'MİHALIÇÇIK'),
(340,26,'ODUNPAZARI'),
(341,26,'SARICAKAYA'),
(342,26,'SEYİTGAZİ'),
(343,26,'SİVRİHİSAR'),
(344,26,'TEPEBAŞI'),
(345,27,'ARABAN'),
(346,27,'İSLAHİYE'),
(347,27,'KARKAMIŞ'),
(348,27,'NİZİP'),
(349,27,'NURDAĞI'),
(350,27,'OĞUZELİ'),
(351,27,'ŞAHİNBEY'),
(352,27,'ŞEHİTKAMİL'),
(353,27,'YAVUZELİ'),
(354,28,'ALUCRA'),
(355,28,'BULANCAK'),
(356,28,'ÇAMOLUK'),
(357,28,'ÇANAKÇI'),
(358,28,'DERELİ'),
(359,28,'DOĞANKENT'),
(360,28,'ESPİYE'),
(361,28,'EYNESİL'),
(362,28,'GÖRELE'),
(363,28,'GÜCE'),
(364,28,'KEŞAP'),
(365,28,'MERKEZ'),
(366,28,'PİRAZİZ'),
(367,28,'ŞEBİNKARAHİSAR'),
(368,28,'TİREBOLU'),
(369,28,'YAĞLIDERE'),
(370,29,'KELKİT'),
(371,29,'KÖSE'),
(372,29,'KÜRTÜN'),
(373,29,'MERKEZ'),
(374,29,'ŞİRAN'),
(375,29,'TORUL'),
(376,30,'ÇUKURCA'),
(377,30,'DERECİK'),
(378,30,'MERKEZ'),
(379,30,'ŞEMDİNLİ'),
(380,30,'YÜKSEKOVA'),
(381,31,'ALTINÖZÜ'),
(382,31,'ANTAKYA'),
(383,31,'ARSUZ'),
(384,31,'BELEN'),
(385,31,'DEFNE'),
(386,31,'DÖRTYOL'),
(387,31,'ERZİN'),
(388,31,'HASSA'),
(389,31,'İSKENDERUN'),
(390,31,'KIRIKHAN'),
(391,31,'KUMLU'),
(392,31,'PAYAS'),
(393,31,'REYHANLI'),
(394,31,'SAMANDAĞ'),
(395,31,'YAYLADAĞI'),
(396,32,'AKSU'),
(397,32,'ATABEY'),
(398,32,'EĞİRDİR'),
(399,32,'GELENDOST'),
(400,32,'GÖNEN'),
(401,32,'KEÇİBORLU'),
(402,32,'MERKEZ'),
(403,32,'SENİRKENT'),
(404,32,'SÜTÇÜLER'),
(405,32,'ŞARKİKARAAĞAÇ'),
(406,32,'ULUBORLU'),
(407,32,'YALVAÇ'),
(408,32,'YENİŞARBADEMLİ'),
(409,33,'AKDENİZ'),
(410,33,'ANAMUR'),
(411,33,'AYDINCIK'),
(412,33,'BOZYAZI'),
(413,33,'ÇAMLIYAYLA'),
(414,33,'ERDEMLİ'),
(415,33,'GÜLNAR'),
(416,33,'MEZİTLİ'),
(417,33,'MUT'),
(418,33,'SİLİFKE'),
(419,33,'TARSUS'),
(420,33,'TOROSLAR'),
(421,33,'YENİŞEHİR'),
(422,34,'ADALAR'),
(423,34,'ARNAVUTKÖY'),
(424,34,'ATAŞEHİR'),
(425,34,'AVCILAR'),
(426,34,'BAĞCILAR'),
(427,34,'BAHÇELİEVLER'),
(428,34,'BAKIRKÖY'),
(429,34,'BAŞAKŞEHİR'),
(430,34,'BAYRAMPAŞA'),
(431,34,'BEŞİKTAŞ'),
(432,34,'BEYKOZ'),
(433,34,'BEYLİKDÜZÜ'),
(434,34,'BEYOĞLU'),
(435,34,'BÜYÜKÇEKMECE'),
(436,34,'ÇATALCA'),
(437,34,'ÇEKMEKÖY'),
(438,34,'ESENLER'),
(439,34,'ESENYURT'),
(440,34,'EYÜPSULTAN'),
(441,34,'FATİH'),
(442,34,'GAZİOSMANPAŞA'),
(443,34,'GÜNGÖREN'),
(444,34,'KADIKÖY'),
(445,34,'KAĞITHANE'),
(446,34,'KARTAL'),
(447,34,'KÜÇÜKÇEKMECE'),
(448,34,'MALTEPE'),
(449,34,'PENDİK'),
(450,34,'SANCAKTEPE'),
(451,34,'SARIYER'),
(452,34,'SİLİVRİ'),
(453,34,'SULTANBEYLİ'),
(454,34,'SULTANGAZİ'),
(455,34,'ŞİLE'),
(456,34,'ŞİŞLİ'),
(457,34,'TUZLA'),
(458,34,'ÜMRANİYE'),
(459,34,'ÜSKÜDAR'),
(460,34,'ZEYTİNBURNU'),
(461,35,'ALİAĞA'),
(462,35,'BALÇOVA'),
(463,35,'BAYINDIR'),
(464,35,'BAYRAKLI'),
(465,35,'BERGAMA'),
(466,35,'BEYDAĞ'),
(467,35,'BORNOVA'),
(468,35,'BUCA'),
(469,35,'ÇEŞME'),
(470,35,'ÇİĞLİ'),
(471,35,'DİKİLİ'),
(472,35,'FOÇA'),
(473,35,'GAZİEMİR'),
(474,35,'GÜZELBAHÇE'),
(475,35,'KARABAĞLAR'),
(476,35,'KARABURUN'),
(477,35,'KARŞIYAKA'),
(478,35,'KEMALPAŞA'),
(479,35,'KINIK'),
(480,35,'KİRAZ'),
(481,35,'KONAK'),
(482,35,'MENDERES'),
(483,35,'MENEMEN'),
(484,35,'NARLIDERE'),
(485,35,'ÖDEMİŞ'),
(486,35,'SEFERİHİSAR'),
(487,35,'SELÇUK'),
(488,35,'TİRE'),
(489,35,'TORBALI'),
(490,35,'URLA'),
(491,36,'AKYAKA'),
(492,36,'ARPAÇAY'),
(493,36,'DİGOR'),
(494,36,'KAĞIZMAN'),
(495,36,'MERKEZ'),
(496,36,'SARIKAMIŞ'),
(497,36,'SELİM'),
(498,36,'SUSUZ'),
(499,37,'ABANA'),
(500,37,'AĞLI'),
(501,37,'ARAÇ'),
(502,37,'AZDAVAY'),
(503,37,'BOZKURT'),
(504,37,'CİDE'),
(505,37,'ÇATALZEYTİN'),
(506,37,'DADAY'),
(507,37,'DEVREKANİ'),
(508,37,'DOĞANYURT'),
(509,37,'HANÖNÜ'),
(510,37,'İHSANGAZİ'),
(511,37,'İNEBOLU'),
(512,37,'KÜRE'),
(513,37,'MERKEZ'),
(514,37,'PINARBAŞI'),
(515,37,'SEYDİLER'),
(516,37,'ŞENPAZAR'),
(517,37,'TAŞKÖPRÜ'),
(518,37,'TOSYA'),
(519,38,'AKKIŞLA'),
(520,38,'BÜNYAN'),
(521,38,'DEVELİ'),
(522,38,'FELAHİYE'),
(523,38,'HACILAR'),
(524,38,'İNCESU'),
(525,38,'KOCASİNAN'),
(526,38,'MELİKGAZİ'),
(527,38,'ÖZVATAN'),
(528,38,'PINARBAŞI'),
(529,38,'SARIOĞLAN'),
(530,38,'SARIZ'),
(531,38,'TALAS'),
(532,38,'TOMARZA'),
(533,38,'YAHYALI'),
(534,38,'YEŞİLHİSAR'),
(535,39,'BABAESKİ'),
(536,39,'DEMİRKÖY'),
(537,39,'KOFÇAZ'),
(538,39,'LÜLEBURGAZ'),
(539,39,'MERKEZ'),
(540,39,'PEHLİVANKÖY'),
(541,39,'PINARHİSAR'),
(542,39,'VİZE'),
(543,40,'AKÇAKENT'),
(544,40,'AKPINAR'),
(545,40,'BOZTEPE'),
(546,40,'ÇİÇEKDAĞI'),
(547,40,'KAMAN'),
(548,40,'MERKEZ'),
(549,40,'MUCUR'),
(550,41,'BAŞİSKELE'),
(551,41,'ÇAYIROVA'),
(552,41,'DARICA'),
(553,41,'DERİNCE'),
(554,41,'DİLOVASI'),
(555,41,'GEBZE'),
(556,41,'GÖLCÜK'),
(557,41,'İZMİT'),
(558,41,'KANDIRA'),
(559,41,'KARAMÜRSEL'),
(560,41,'KARTEPE'),
(561,41,'KÖRFEZ'),
(562,42,'AHIRLI'),
(563,42,'AKÖREN'),
(564,42,'AKŞEHİR'),
(565,42,'ALTINEKİN'),
(566,42,'BEYŞEHİR'),
(567,42,'BOZKIR'),
(568,42,'CİHANBEYLİ'),
(569,42,'ÇELTİK'),
(570,42,'ÇUMRA'),
(571,42,'DERBENT'),
(572,42,'DEREBUCAK'),
(573,42,'DOĞANHİSAR'),
(574,42,'EMİRGAZİ'),
(575,42,'EREĞLİ'),
(576,42,'GÜNEYSINIR'),
(577,42,'HADİM'),
(578,42,'HALKAPINAR'),
(579,42,'HÜYÜK'),
(580,42,'ILGIN'),
(581,42,'KADINHANI'),
(582,42,'KARAPINAR'),
(583,42,'KARATAY'),
(584,42,'KULU'),
(585,42,'MERAM'),
(586,42,'SARAYÖNÜ'),
(587,42,'SELÇUKLU'),
(588,42,'SEYDİŞEHİR'),
(589,42,'TAŞKENT'),
(590,42,'TUZLUKÇU'),
(591,42,'YALIHÜYÜK'),
(592,42,'YUNAK'),
(593,43,'ALTINTAŞ'),
(594,43,'ASLANAPA'),
(595,43,'ÇAVDARHİSAR'),
(596,43,'DOMANİÇ'),
(597,43,'DUMLUPINAR'),
(598,43,'EMET'),
(599,43,'GEDİZ'),
(600,43,'HİSARCIK'),
(601,43,'MERKEZ'),
(602,43,'PAZARLAR'),
(603,43,'SİMAV'),
(604,43,'ŞAPHANE'),
(605,43,'TAVŞANLI'),
(606,44,'AKÇADAĞ'),
(607,44,'ARAPGİR'),
(608,44,'ARGUVAN'),
(609,44,'BATTALGAZİ'),
(610,44,'DARENDE'),
(611,44,'DOĞANŞEHİR'),
(612,44,'DOĞANYOL'),
(613,44,'HEKİMHAN'),
(614,44,'KALE'),
(615,44,'KULUNCAK'),
(616,44,'PÜTÜRGE'),
(617,44,'YAZIHAN'),
(618,44,'YEŞİLYURT'),
(619,45,'AHMETLİ'),
(620,45,'AKHİSAR'),
(621,45,'ALAŞEHİR'),
(622,45,'DEMİRCİ'),
(623,45,'GÖLMARMARA'),
(624,45,'GÖRDES'),
(625,45,'KIRKAĞAÇ'),
(626,45,'KÖPRÜBAŞI'),
(627,45,'KULA'),
(628,45,'SALİHLİ'),
(629,45,'SARIGÖL'),
(630,45,'SARUHANLI'),
(631,45,'SELENDİ'),
(632,45,'SOMA'),
(633,45,'ŞEHZADELER'),
(634,45,'TURGUTLU'),
(635,45,'YUNUSEMRE'),
(636,46,'AFŞİN'),
(637,46,'ANDIRIN'),
(638,46,'ÇAĞLAYANCERİT'),
(639,46,'DULKADİROĞLU'),
(640,46,'EKİNÖZÜ'),
(641,46,'ELBİSTAN'),
(642,46,'GÖKSUN'),
(643,46,'NURHAK'),
(644,46,'ONİKİŞUBAT'),
(645,46,'PAZARCIK'),
(646,46,'TÜRKOĞLU'),
(647,47,'ARTUKLU'),
(648,47,'DARGEÇİT'),
(649,47,'DERİK'),
(650,47,'KIZILTEPE'),
(651,47,'MAZIDAĞI'),
(652,47,'MİDYAT'),
(653,47,'NUSAYBİN'),
(654,47,'ÖMERLİ'),
(655,47,'SAVUR'),
(656,47,'YEŞİLLİ'),
(657,48,'BODRUM'),
(658,48,'DALAMAN'),
(659,48,'DATÇA'),
(660,48,'FETHİYE'),
(661,48,'KAVAKLIDERE'),
(662,48,'KÖYCEĞİZ'),
(663,48,'MARMARİS'),
(664,48,'MENTEŞE'),
(665,48,'MİLAS'),
(666,48,'ORTACA'),
(667,48,'SEYDİKEMER'),
(668,48,'ULA'),
(669,48,'YATAĞAN'),
(670,49,'BULANIK'),
(671,49,'HASKÖY'),
(672,49,'KORKUT'),
(673,49,'MALAZGİRT'),
(674,49,'MERKEZ'),
(675,49,'VARTO'),
(676,50,'ACIGÖL'),
(677,50,'AVANOS'),
(678,50,'DERİNKUYU'),
(679,50,'GÜLŞEHİR'),
(680,50,'HACIBEKTAŞ'),
(681,50,'KOZAKLI'),
(682,50,'MERKEZ'),
(683,50,'ÜRGÜP'),
(684,51,'ALTUNHİSAR'),
(685,51,'BOR'),
(686,51,'ÇAMARDI'),
(687,51,'ÇİFTLİK'),
(688,51,'MERKEZ'),
(689,51,'ULUKIŞLA'),
(690,52,'AKKUŞ'),
(691,52,'ALTINORDU'),
(692,52,'AYBASTI'),
(693,52,'ÇAMAŞ'),
(694,52,'ÇATALPINAR'),
(695,52,'ÇAYBAŞI'),
(696,52,'FATSA'),
(697,52,'GÖLKÖY'),
(698,52,'GÜLYALI'),
(699,52,'GÜRGENTEPE'),
(700,52,'İKİZCE'),
(701,52,'KABADÜZ'),
(702,52,'KABATAŞ'),
(703,52,'KORGAN'),
(704,52,'KUMRU'),
(705,52,'MESUDİYE'),
(706,52,'PERŞEMBE'),
(707,52,'ULUBEY'),
(708,52,'ÜNYE'),
(709,53,'ARDEŞEN'),
(710,53,'ÇAMLIHEMŞİN'),
(711,53,'ÇAYELİ'),
(712,53,'DEREPAZARI'),
(713,53,'FINDIKLI'),
(714,53,'GÜNEYSU'),
(715,53,'HEMŞİN'),
(716,53,'İKİZDERE'),
(717,53,'İYİDERE'),
(718,53,'KALKANDERE'),
(719,53,'MERKEZ'),
(720,53,'PAZAR'),
(721,54,'ADAPAZARI'),
(722,54,'AKYAZI'),
(723,54,'ARİFİYE'),
(724,54,'ERENLER'),
(725,54,'FERİZLİ'),
(726,54,'GEYVE'),
(727,54,'HENDEK'),
(728,54,'KARAPÜRÇEK'),
(729,54,'KARASU'),
(730,54,'KAYNARCA'),
(731,54,'KOCAALİ'),
(732,54,'PAMUKOVA'),
(733,54,'SAPANCA'),
(734,54,'SERDİVAN'),
(735,54,'SÖĞÜTLÜ'),
(736,54,'TARAKLI'),
(737,55,'ALAÇAM'),
(738,55,'ASARCIK'),
(739,55,'ATAKUM'),
(740,55,'AYVACIK'),
(741,55,'BAFRA'),
(742,55,'CANİK'),
(743,55,'ÇARŞAMBA'),
(744,55,'HAVZA'),
(745,55,'İLKADIM'),
(746,55,'KAVAK'),
(747,55,'LADİK'),
(748,55,'SALIPAZARI'),
(749,55,'TEKKEKÖY'),
(750,55,'TERME'),
(751,55,'VEZİRKÖPRÜ'),
(752,55,'YAKAKENT'),
(753,55,'19 MAYIS'),
(754,56,'BAYKAN'),
(755,56,'ERUH'),
(756,56,'KURTALAN'),
(757,56,'MERKEZ'),
(758,56,'PERVARİ'),
(759,56,'ŞİRVAN'),
(760,56,'TİLLO'),
(761,57,'AYANCIK'),
(762,57,'BOYABAT'),
(763,57,'DİKMEN'),
(764,57,'DURAĞAN'),
(765,57,'ERFELEK'),
(766,57,'GERZE'),
(767,57,'MERKEZ'),
(768,57,'SARAYDÜZÜ'),
(769,57,'TÜRKELİ'),
(770,58,'AKINCILAR'),
(771,58,'ALTINYAYLA'),
(772,58,'DİVRİĞİ'),
(773,58,'DOĞANŞAR'),
(774,58,'GEMEREK'),
(775,58,'GÖLOVA'),
(776,58,'GÜRÜN'),
(777,58,'HAFİK'),
(778,58,'İMRANLI'),
(779,58,'KANGAL'),
(780,58,'KOYULHİSAR'),
(781,58,'MERKEZ'),
(782,58,'SUŞEHRİ'),
(783,58,'ŞARKIŞLA'),
(784,58,'ULAŞ'),
(785,58,'YILDIZELİ'),
(786,58,'ZARA'),
(787,59,'ÇERKEZKÖY'),
(788,59,'ÇORLU'),
(789,59,'ERGENE'),
(790,59,'HAYRABOLU'),
(791,59,'KAPAKLI'),
(792,59,'MALKARA'),
(793,59,'MARMARAEREĞLİSİ'),
(794,59,'MURATLI'),
(795,59,'SARAY'),
(796,59,'SÜLEYMANPAŞA'),
(797,59,'ŞARKÖY'),
(798,60,'ALMUS'),
(799,60,'ARTOVA'),
(800,60,'BAŞÇİFTLİK'),
(801,60,'ERBAA'),
(802,60,'MERKEZ'),
(803,60,'NİKSAR'),
(804,60,'PAZAR'),
(805,60,'REŞADİYE'),
(806,60,'SULUSARAY'),
(807,60,'TURHAL'),
(808,60,'YEŞİLYURT'),
(809,60,'ZİLE'),
(810,61,'AKÇAABAT'),
(811,61,'ARAKLI'),
(812,61,'ARSİN'),
(813,61,'BEŞİKDÜZÜ'),
(814,61,'ÇARŞIBAŞI'),
(815,61,'ÇAYKARA'),
(816,61,'DERNEKPAZARI'),
(817,61,'DÜZKÖY'),
(818,61,'HAYRAT'),
(819,61,'KÖPRÜBAŞI'),
(820,61,'MAÇKA'),
(821,61,'OF'),
(822,61,'ORTAHİSAR'),
(823,61,'SÜRMENE'),
(824,61,'ŞALPAZARI'),
(825,61,'TONYA'),
(826,61,'VAKFIKEBİR'),
(827,61,'YOMRA'),
(828,62,'ÇEMİŞGEZEK'),
(829,62,'HOZAT'),
(830,62,'MAZGİRT'),
(831,62,'MERKEZ'),
(832,62,'NAZIMİYE'),
(833,62,'OVACIK'),
(834,62,'PERTEK'),
(835,62,'PÜLÜMÜR'),
(836,63,'AKÇAKALE'),
(837,63,'BİRECİK'),
(838,63,'BOZOVA'),
(839,63,'CEYLANPINAR'),
(840,63,'EYYÜBİYE'),
(841,63,'HALFETİ'),
(842,63,'HALİLİYE'),
(843,63,'HARRAN'),
(844,63,'HİLVAN'),
(845,63,'KARAKÖPRÜ'),
(846,63,'SİVEREK'),
(847,63,'SURUÇ'),
(848,63,'VİRANŞEHİR'),
(849,64,'BANAZ'),
(850,64,'EŞME'),
(851,64,'KARAHALLI'),
(852,64,'MERKEZ'),
(853,64,'SİVASLI'),
(854,64,'ULUBEY'),
(855,65,'BAHÇESARAY'),
(856,65,'BAŞKALE'),
(857,65,'ÇALDIRAN'),
(858,65,'ÇATAK'),
(859,65,'EDREMİT'),
(860,65,'ERCİŞ'),
(861,65,'GEVAŞ'),
(862,65,'GÜRPINAR'),
(863,65,'İPEKYOLU'),
(864,65,'MURADİYE'),
(865,65,'ÖZALP'),
(866,65,'SARAY'),
(867,65,'TUŞBA'),
(868,66,'AKDAĞMADENİ'),
(869,66,'AYDINCIK'),
(870,66,'BOĞAZLIYAN'),
(871,66,'ÇANDIR'),
(872,66,'ÇAYIRALAN'),
(873,66,'ÇEKEREK'),
(874,66,'KADIŞEHRİ'),
(875,66,'MERKEZ'),
(876,66,'SARAYKENT'),
(877,66,'SARIKAYA'),
(878,66,'SORGUN'),
(879,66,'ŞEFAATLİ'),
(880,66,'YENİFAKILI'),
(881,66,'YERKÖY'),
(882,67,'ALAPLI'),
(883,67,'ÇAYCUMA'),
(884,67,'DEVREK'),
(885,67,'EREĞLİ'),
(886,67,'GÖKÇEBEY'),
(887,67,'KİLİMLİ'),
(888,67,'KOZLU'),
(889,67,'MERKEZ'),
(890,68,'AĞAÇÖREN'),
(891,68,'ESKİL'),
(892,68,'GÜLAĞAÇ'),
(893,68,'GÜZELYURT'),
(894,68,'MERKEZ'),
(895,68,'ORTAKÖY'),
(896,68,'SARIYAHŞİ'),
(897,68,'SULTANHANI'),
(898,69,'AYDINTEPE'),
(899,69,'DEMİRÖZÜ'),
(900,69,'MERKEZ'),
(901,70,'AYRANCI'),
(902,70,'BAŞYAYLA'),
(903,70,'ERMENEK'),
(904,70,'KAZIMKARABEKİR'),
(905,70,'MERKEZ'),
(906,70,'SARIVELİLER'),
(907,71,'BAHŞILI'),
(908,71,'BALIŞEYH'),
(909,71,'ÇELEBİ'),
(910,71,'DELİCE'),
(911,71,'KARAKEÇİLİ'),
(912,71,'KESKİN'),
(913,71,'MERKEZ'),
(914,71,'SULAKYURT'),
(915,71,'YAHŞİHAN'),
(916,72,'BEŞİRİ'),
(917,72,'GERCÜŞ'),
(918,72,'HASANKEYF'),
(919,72,'KOZLUK'),
(920,72,'MERKEZ'),
(921,72,'SASON'),
(922,73,'BEYTÜŞŞEBAP'),
(923,73,'CİZRE'),
(924,73,'GÜÇLÜKONAK'),
(925,73,'İDİL'),
(926,73,'MERKEZ'),
(927,73,'SİLOPİ'),
(928,73,'ULUDERE'),
(929,74,'AMASRA'),
(930,74,'KURUCAŞİLE'),
(931,74,'MERKEZ'),
(932,74,'ULUS'),
(933,75,'ÇILDIR'),
(934,75,'DAMAL'),
(935,75,'GÖLE'),
(936,75,'HANAK'),
(937,75,'MERKEZ'),
(938,75,'POSOF'),
(939,76,'ARALIK'),
(940,76,'KARAKOYUNLU'),
(941,76,'MERKEZ'),
(942,76,'TUZLUCA'),
(943,77,'ALTINOVA'),
(944,77,'ARMUTLU'),
(945,77,'ÇINARCIK'),
(946,77,'ÇİFTLİKKÖY'),
(947,77,'MERKEZ'),
(948,77,'TERMAL'),
(949,78,'EFLANİ'),
(950,78,'ESKİPAZAR'),
(951,78,'MERKEZ'),
(952,78,'OVACIK'),
(953,78,'SAFRANBOLU'),
(954,78,'YENİCE'),
(955,79,'ELBEYLİ'),
(956,79,'MERKEZ'),
(957,79,'MUSABEYLİ'),
(958,79,'POLATELİ'),
(959,80,'BAHÇE'),
(960,80,'DÜZİÇİ'),
(961,80,'HASANBEYLİ'),
(962,80,'KADİRLİ'),
(963,80,'MERKEZ'),
(964,80,'SUMBAS'),
(965,80,'TOPRAKKALE'),
(966,81,'AKÇAKOCA'),
(967,81,'CUMAYERİ'),
(968,81,'ÇİLİMLİ'),
(969,81,'GÖLYAKA'),
(970,81,'GÜMÜŞOVA'),
(971,81,'KAYNAŞLI'),
(972,81,'MERKEZ'),
(973,81,'YIĞILCA'),
(974,81,'deneme 1');

/*Table structure for table `iller` */

DROP TABLE IF EXISTS `iller`;

CREATE TABLE `iller` (
  `id` int(11) NOT NULL DEFAULT '0',
  `ilAdi` varchar(35) COLLATE utf8_turkish_ci NOT NULL,
  PRIMARY KEY (`id`)
) ENGINE=InnoDB DEFAULT CHARSET=utf8 COLLATE=utf8_turkish_ci;

/*Data for the table `iller` */

insert  into `iller`(`id`,`ilAdi`) values 
(1,'ADANA'),
(2,'ADIYAMAN'),
(3,'AFYON'),
(4,'AĞRI'),
(5,'AMASYA'),
(6,'ANKARA'),
(7,'ANTALYA'),
(8,'ARTVİN'),
(9,'AYDIN'),
(10,'BALIKESİR'),
(11,'BİLECİK'),
(12,'BİNGÖL'),
(13,'BİTLİS'),
(14,'BOLU'),
(15,'BURDUR'),
(16,'BURSA'),
(17,'ÇANAKKALE'),
(18,'ÇANKIRI'),
(19,'ÇORUM'),
(20,'DENİZLİ'),
(21,'DİYARBAKIR'),
(22,'EDİRNE'),
(23,'ELAZIĞ'),
(24,'ERZİNCAN'),
(25,'ERZURUM'),
(26,'ESKİŞEHİR'),
(27,'GAZİANTEP'),
(28,'GİRESUN'),
(29,'GÜMÜŞHANE'),
(30,'HAKKARİ'),
(31,'HATAY'),
(32,'ISPARTA'),
(33,'MERSİN'),
(34,'İSTANBUL'),
(35,'İZMİR'),
(36,'KARS'),
(37,'KASTAMONU'),
(38,'KAYSERİ'),
(39,'KIRKLARELİ'),
(40,'KIRŞEHİR'),
(41,'KOCAELİ'),
(42,'KONYA'),
(43,'KÜTAHYA'),
(44,'MALATYA'),
(45,'MANİSA'),
(46,'KAHRAMANMARAŞ'),
(47,'MARDİN'),
(48,'MUĞLA'),
(49,'MUŞ'),
(50,'NEVŞEHİR'),
(51,'NİĞDE'),
(52,'ORDU'),
(53,'RİZE'),
(54,'SAKARYA'),
(55,'SAMSUN'),
(56,'SİİRT'),
(57,'SİNOP'),
(58,'SİVAS'),
(59,'TEKİRDAĞ'),
(60,'TOKAT'),
(61,'TRABZON'),
(62,'TUNCELİ'),
(63,'ŞANLIURFA'),
(64,'UŞAK'),
(65,'VAN'),
(66,'YOZGAT'),
(67,'ZONGULDAK'),
(68,'AKSARAY'),
(69,'BAYBURT'),
(70,'KARAMAN'),
(71,'KIRIKKALE'),
(72,'BATMAN'),
(73,'ŞIRNAK'),
(74,'BARTIN'),
(75,'ARDAHAN'),
(76,'IĞDIR'),
(77,'YALOVA'),
(78,'KARABÜK'),
(79,'KİLİS'),
(80,'OSMANİYE'),
(81,'DÜZCE');

/*Table structure for table `logs` */

DROP TABLE IF EXISTS `logs`;

CREATE TABLE `logs` (
  `id` int(11) NOT NULL AUTO_INCREMENT,
  `admin_id` int(11) DEFAULT NULL,
  `logs` varchar(255) CHARACTER SET utf8 DEFAULT NULL,
  `createdDate` datetime DEFAULT NULL,
  PRIMARY KEY (`id`)
) ENGINE=InnoDB AUTO_INCREMENT=102 DEFAULT CHARSET=utf8 COLLATE=utf8_turkish_ci;

/*Data for the table `logs` */

insert  into `logs`(`id`,`admin_id`,`logs`,`createdDate`) values 
(1,4,'Admin düzenleme yaptı.','2023-05-25 04:16:42'),
(2,4,'düzenleme yaptı.','2023-05-25 04:17:35'),
(3,4,'admin1de düzenleme yaptı.','2023-05-25 04:18:47'),
(4,4,'Test Slide 3adlı slider da düzenleme yapıldı.','2023-05-25 04:35:47'),
(5,4,'Test Slide 3adlı slider da düzenleme yapıldı.','2023-05-25 04:35:52'),
(6,4,'gfhd de news tablosunda düzenleme yapıldı.','2023-05-25 04:36:02'),
(7,4,'gfhd de news tablosunda düzenleme yapıldı.','2023-05-25 04:36:07'),
(8,4,'rgweg adlı kullanıcının contact tablosunda güncelleme yapıldı.','2023-05-25 04:51:15'),
(9,4,'hrdhdtr adlı kullanıcının contact tablosunda güncelleme yapıldı.','2023-05-25 04:51:21'),
(10,4,'g4gh46@gmail.comadlı subscribe da düzenleme yapıldı.','2023-05-25 04:51:29'),
(11,4,'2023 Yılı Ortaöğretim Öğrencileri Staj Başvuruları... de news tablosunda düzenleme yapıldı.','2023-05-25 04:51:39'),
(12,4,'2023 Yılı Ortaöğretim Öğrencileri Staj Başvuruları... de news tablosunda düzenleme yapıldı.','2023-05-25 04:51:43'),
(13,4,'cfdfsdadlı topiccategory de düzenleme yapıldı.','2023-05-25 04:51:54'),
(14,4,'Beyza Rabia adlı user da düzenleme yapıldı.','2023-05-25 04:52:05'),
(15,4,'Test Slide 3adlı slider da düzenleme yapıldı.','2023-05-25 04:52:15'),
(16,4,'Test Slide 3adlı slider da düzenleme yapıldı.','2023-05-25 04:52:20'),
(17,4,'Test Slide 3adlı slider da düzenleme yapıldı.','2023-05-25 04:52:25'),
(18,4,'deneme de düzenleme yapıldı.','2023-05-25 04:52:33'),
(19,4,'bbb de düzenleme yapıldı.','2023-05-25 04:52:42'),
(20,4,'admin1 de düzenleme yapıldı.','2023-05-25 04:52:48'),
(21,4,'deneme1 de düzenleme yapıldı.','2023-05-25 04:52:55'),
(22,4,'123 de düzenleme yapıldı.','2023-05-25 04:53:00'),
(23,4,'deneme de düzenleme yapıldı.','2023-05-25 04:53:05'),
(24,4,'deneme1 de düzenleme yapıldı.','2023-05-25 04:53:08'),
(25,1,'Beyza Rabia adlı user da düzenleme yapıldı.','2023-05-25 04:55:04'),
(26,5,'rgweg adlı kullanıcının contact tablosunda güncelleme yapıldı.','2023-05-25 05:30:49'),
(27,5,'hrdhdtr adlı kullanıcının contact tablosunda güncelleme yapıldı.','2023-05-25 05:30:55'),
(28,4,'Test Slide 3adlı slider da düzenleme yapıldı.','2023-05-25 15:39:32'),
(29,4,'2 de düzenleme yapıldı.','2023-05-26 03:48:26'),
(30,4,'1 adlı adres sisteme kaydedildi.','2023-05-26 03:52:03'),
(31,4,'2 de düzenleme yapıldı.','2023-05-26 03:52:18'),
(32,4,'2 de düzenleme yapıldı','2023-05-26 03:52:33'),
(33,4,'32li log da düzenleme yapıldı.','2023-05-26 04:05:07'),
(34,4,'2li log da düzenleme yapıldı.','2023-05-26 04:16:00'),
(35,4,'YIĞILCAa da düzenleme yapıldı.','2023-05-26 04:41:51'),
(36,4,'YIĞILCA da düzenleme yapıldı.','2023-05-26 04:41:56'),
(37,4,'yagılca adlı ilce sisteme kaydedildi.','2023-05-26 04:43:45'),
(38,4,'deneme da düzenleme yapıldı.','2023-05-26 04:43:56'),
(39,NULL,'yunus de düzenleme yapıldı.','2023-05-29 19:17:13'),
(40,NULL,'21 de düzenleme yapıldı.','2023-05-29 19:20:22'),
(41,NULL,'21 de düzenleme yapıldı.','2023-05-29 19:20:37'),
(42,4,'yeniadmin adlı admin sisteme kaydedildi.','2023-05-31 00:38:39'),
(43,10,'admin de düzenleme yapıldı.','2023-05-31 01:15:47'),
(44,10,'deneme de düzenleme yapıldı.','2023-05-31 01:16:08'),
(45,10,'123 de düzenleme yapıldı.','2023-05-31 01:16:17'),
(46,10,'deneme1 de düzenleme yapıldı.','2023-05-31 01:17:48'),
(47,10,'doruk. de düzenleme yapıldı.','2023-05-31 01:18:39'),
(48,10,'doruk de düzenleme yapıldı.','2023-05-31 01:18:45'),
(49,10,'ibrahim. de düzenleme yapıldı.','2023-05-31 01:18:54'),
(50,10,'ibrahim de düzenleme yapıldı.','2023-05-31 01:19:00'),
(51,10,'yunus. de düzenleme yapıldı.','2023-05-31 01:19:14'),
(52,10,'yunus de düzenleme yapıldı.','2023-05-31 01:19:18'),
(53,10,'eren. de düzenleme yapıldı.','2023-05-31 01:19:29'),
(54,10,'eren de düzenleme yapıldı.','2023-05-31 01:19:33'),
(55,10,'beyza. de düzenleme yapıldı.','2023-05-31 01:19:45'),
(56,10,'beyza de düzenleme yapıldı.','2023-05-31 01:19:49'),
(57,10,'ibrahim. de düzenleme yapıldı.','2023-05-31 01:37:03'),
(58,10,'ibrahim de düzenleme yapıldı.','2023-05-31 01:37:15'),
(59,10,'ibrahim. de düzenleme yapıldı.','2023-05-31 01:41:08'),
(60,10,'ibrahim de düzenleme yapıldı.','2023-05-31 01:41:14'),
(61,4,'doruk. de düzenleme yapıldı.','2023-05-31 01:43:03'),
(62,4,'doruk de düzenleme yapıldı.','2023-05-31 01:43:13'),
(63,4,'yunus. de düzenleme yapıldı.','2023-05-31 01:43:21'),
(64,4,'yunus de düzenleme yapıldı.','2023-05-31 01:43:33'),
(65,4,'beyza. de düzenleme yapıldı.','2023-05-31 01:43:48'),
(66,4,'beyza de düzenleme yapıldı.','2023-05-31 01:43:57'),
(67,4,'eren. de düzenleme yapıldı.','2023-05-31 01:44:03'),
(68,4,'eren de düzenleme yapıldı.','2023-05-31 01:44:12'),
(69,1,'yeniadmin de düzenleme yapıldı.','2023-05-31 01:46:02'),
(70,1,'yeniadmin de düzenleme yapıldı.','2023-05-31 09:50:29'),
(71,1,'21 de düzenleme yapıldı.','2023-05-31 09:50:46'),
(72,1,'Beyza Rabia Kılıçaslan adlı kullanıcının contact tablosunda güncelleme yapıldı.','2023-05-31 09:51:36'),
(73,1,'2 de düzenleme yapıldı.','2023-05-31 09:53:02'),
(74,1,'cfdfsdadlı topiccategory de düzenleme yapıldı.','2023-05-31 09:54:33'),
(75,1,'test 4 de düzenleme yapıldı.','2023-05-31 09:55:54'),
(76,1,'test 4 de düzenleme yapıldı.','2023-05-31 10:56:02'),
(77,1,'test 4 de düzenleme yapıldı.','2023-05-31 10:56:17'),
(78,1,'sşrlgmbşrl adlı admin sisteme kaydedildi.','2023-05-31 20:18:52'),
(79,1,'sşrlgmbşrl de düzenleme yapıldı.','2023-05-31 20:19:00'),
(80,1,'şlfmbşltemh adlı kategori sisteme kaydedildi.','2023-05-31 20:19:10'),
(81,1,'şlfmbşltemh de düzenleme yapıldı.','2023-05-31 20:19:16'),
(82,1,'test 4 de düzenleme yapıldı.','2023-05-31 20:20:03'),
(83,1,'Test Slide 3adlı slider da düzenleme yapıldı.','2023-05-31 20:20:34'),
(84,1,'Test Slide 3adlı slider da düzenleme yapıldı.','2023-05-31 20:20:51'),
(85,1,'Beyza Rabia adlı user da düzenleme yapıldı.','2023-05-31 20:21:12'),
(86,1,'testttt adlı topiccategory sisteme kaydedildi.','2023-05-31 20:21:22'),
(87,1,'testtttadlı topiccategory de düzenleme yapıldı.','2023-05-31 20:21:28'),
(88,1,'şlgmşeg adlı news sisteme kaydedildi.','2023-05-31 20:21:47'),
(89,1,'şlgmşeg de news tablosunda düzenleme yapıldı.','2023-05-31 20:21:54'),
(90,1,'test adlı subscribe sisteme kaydedildi.','2023-05-31 20:22:06'),
(91,1,'testadlı subscribe da düzenleme yapıldı.','2023-05-31 20:24:23'),
(92,1,'deneme 1 da düzenleme yapıldı.','2023-05-31 20:24:59'),
(93,1,'2 de düzenleme yapıldı.','2023-05-31 20:25:45'),
(94,1,'sena akbaba adlı kullanıcının contact tablosunda güncelleme yapıldı.','2023-05-31 20:27:32'),
(95,1,'sena akbaba adlı kullanıcının contact tablosunda güncelleme yapıldı.','2023-05-31 20:27:39'),
(96,4,'yeniadmin de düzenleme yapıldı.','2023-06-01 01:31:16'),
(97,4,'şlfmbşltemh de düzenleme yapıldı.','2023-06-01 01:31:27'),
(98,4,'şlfmbşltemh de düzenleme yapıldı.','2023-06-01 01:31:31'),
(99,4,'Dostumu Koruyorum de news tablosunda düzenleme yapıldı.','2023-06-01 01:34:29'),
(100,4,'2023 Yılı Ortaöğretim Öğrencileri Staj Başvuruları de news tablosunda düzenleme yapıldı.','2023-06-01 01:35:19'),
(101,4,'2023 Yılı Ortaöğretim Öğrencileri Staj Başvuruları de news tablosunda düzenleme yapıldı.','2023-06-01 01:35:28');

/*Table structure for table `lostpassword` */

DROP TABLE IF EXISTS `lostpassword`;

CREATE TABLE `lostpassword` (
  `id` int(11) NOT NULL AUTO_INCREMENT,
  `email` text COLLATE utf8_turkish_ci,
  `code` int(11) DEFAULT NULL,
  PRIMARY KEY (`id`)
) ENGINE=InnoDB AUTO_INCREMENT=7 DEFAULT CHARSET=utf8 COLLATE=utf8_turkish_ci;

/*Data for the table `lostpassword` */

insert  into `lostpassword`(`id`,`email`,`code`) values 
(4,'erenhabibasik@gmail.com',2918959),
(6,'ibrahimkaav@gmail.com',6895548);

/*Table structure for table `news` */

DROP TABLE IF EXISTS `news`;

CREATE TABLE `news` (
  `id` int(11) NOT NULL AUTO_INCREMENT,
  `head` varchar(250) COLLATE utf8_turkish_ci DEFAULT NULL,
  `desc` varchar(500) COLLATE utf8_turkish_ci DEFAULT NULL,
  `content` text COLLATE utf8_turkish_ci,
  `createdDate` datetime DEFAULT NULL,
  `isActive` int(11) DEFAULT NULL,
  PRIMARY KEY (`id`)
) ENGINE=InnoDB AUTO_INCREMENT=6 DEFAULT CHARSET=utf8 COLLATE=utf8_turkish_ci;

/*Data for the table `news` */

insert  into `news`(`id`,`head`,`desc`,`content`,`createdDate`,`isActive`) values 
(1,'Tarım ve Orman Bakanlığı - Sözleşmeli Bilişim Personeli Alımı','Tarım ve Orman Bakanlığı Bilgi Teknolojileri Genel Müdürlüğü emrinde (Ankara) istihdam edilmek üzere 375 sayılı Kanun Hükmünde Kararname\'nin...','Tarım ve Orman Bakanlığı Bilgi Teknolojileri Genel Müdürlüğü emrinde (Ankara) istihdam edilmek üzere 375 sayılı Kanun Hükmünde Kararname\'nin Ek 6\'ncı maddesi ile 31.12.2008 tarihli ve 27097 sayılı Resmî Gazete\'de yayımlanan Kamu Kurum ve Kuruluşlarının Büyük Ölçekli Bilgi İşlem Birimlerinde Sözleşmeli Bilişim Personeli İstihdamına İlişkin Esas ve Usuller Hakkında Yönetmelik\'in 8\'inci maddesi uyarınca sözlü sınav başarı sırasına göre yapılacak yerleştirme ile 25 (yirmibeş) sözleşmeli bilişim personeli alınacaktır. Adaylar, aşağıda belirtilen pozisyonlardan en fazla 1 (bir) adedine başvuruda bulunabilecektir.\r\n\r\nYazılım Mimarı                       (1 Kişi - Aylık Brüt Sözleşme Ücret Tavanının 4 Katına Kadar)\r\n\r\nYazılım Uzmanı                      (4 Kişi - Aylık Brüt Sözleşme Ücret Tavanının 3 Katına Kadar)\r\n\r\nYazılım Uzmanı                      (6 Kişi - Aylık Brüt Sözleşme Ücret Tavanının 2 Katına Kadar)\r\n\r\nCBS Yazılım Mimarı               (1 Kişi - Aylık Brüt Sözleşme Ücret Tavanının 4 Katına Kadar)\r\n\r\nCBS Yazılım Uzmanı              (2 Kişi - Aylık Brüt Sözleşme Ücret Tavanının 3 Katına Kadar)\r\n\r\nMobil Yazılım Uzmanı                       (1 Kişi - Aylık Brüt Sözleşme Ücret Tavanının 2 Katına Kadar)\r\n\r\nAğ Uzmanı                             (3 Kişi - Aylık Brüt Sözleşme Ücret Tavanının 3 Katına Kadar)\r\n\r\nVeri Tabanı Uzmanı               (1 Kişi - Aylık Brüt Sözleşme Ücret Tavanının 4 Katına Kadar)\r\n\r\nVeri Tabanı Uzmanı               (1 Kişi - Aylık Brüt Sözleşme Ücret Tavanının 3 Katına Kadar)\r\n\r\nSistem Uzmanı                                   (2 Kişi - Aylık Brüt Sözleşme Ücret Tavanının 3 Katına Kadar)\r\n\r\nSistem Uzmanı                                   (1 Kişi - Aylık Brüt Sözleşme Ücret Tavanının 2 Katına Kadar)\r\n\r\nBilgi Güvenliği Uzmanı          (1 Kişi - Aylık Brüt Sözleşme Ücret Tavanının 4 Katına Kadar)\r\n\r\nBilgi Güvenliği Uzmanı          (1 Kişi - Aylık Brüt Sözleşme Ücret Tavanının 3 Katına Kadar)\r\n\r\nAdaylar başvurularını 17.04.2023 – 08.05.2023 tarihleri arasında Türkiye Cumhuriyeti Cumhurbaşkanlığı İnsan Kaynakları Ofisi Başkanlığı Kariyer Kapısı adresi (https://isealimkariyerkapisi.cbiko.gov.tr/) aracılığıyla yapabilecektir.\r\n\r\nİlgililere duyurulur.\r\n\r\nSözleşmeli Personel Alım İlanı için tıklayınız.\r\n\r\n ',NULL,1),
(2,'Tarımcebimde Mobil Uygulamasına Balıkçılık, Evcil Hayvanlar ve Kent Tarımı','TARIM VE ORMAN BAKANI KİRİŞCİ TARAFINDAN BU YILIN BAŞINDA TANITIMI YAPILAN “TARIMCEBİMDE\" MOBİL UYGULAMASINA ÜÇ YENİ MODÜL DAHA EKLENDİ...','TARIM VE ORMAN BAKANI KİRİŞCİ TARAFINDAN BU YILIN BAŞINDA TANITIMI YAPILAN “TARIMCEBİMDE\" MOBİL UYGULAMASINA ÜÇ YENİ MODÜL DAHA EKLENDİ\r\n\r\n“EVCİL HAYVANLAR\" MODÜLÜ İLE CAN DOSTLARIN AŞILARI DAHİL TÜM BİLGİLERİ, SAHİPLERİ TARAFINDAN GÖRÜLEBİLECEK VE MİKROÇİPLİ EV HAYVANI KAYBOLANLAR BİLDİRİMDE BULUNABİLECEK\r\n\r\nTarım ve Orman Bakanlığının, tarımsal üretim ile ilgili iş ve işlemlerin, cep telefonu üzerinden tek tuşla yapılabilmesine imkân sağlayan “TarımCebimde\" mobil uygulamasına “Balıkçılık\", “Evcil Hayvanlar\" ve “Kent Tarımı\" modülleri de eklendi.\r\n\r\nTarım ve Orman Bakanı Prof. Dr. Vahit KİRİŞCİ\'nin 2 Ocak 2023\'de tanıtımını yaptığı \"TarımCebimde 1.0\" mobil uygulaması ve Çiftçi Kayıt Sistemi başvurularının e-Devlet üzerinden alınması, bürokrasiyi azaltırken çiftçilerin de işlerini kolaylaştırıyor.\r\n\r\nUygulama sayesinde, tarım sektöründeki üreticiler, birçok işleme tek bir tıkla erişebiliyor, daha önce Tarım ve Orman İl Müdürlüklerine giderek yapabildikleri hayvanlarının doğum/ölüm/düşen küpe bildirimleri gibi iş ve işlemleri uygulama üzerinden gerçekleştirilebiliyor.\r\n\r\nTarımda dijitalleşme amacıyla hayata geçirilen uygulamanın sürekli geliştirilmesi çalışmaları kapsamında, mobil uygulamanın ilk güncellemesi 31 Ocak 2023\'te yapılmıştı.\r\n\r\nBu güncelleme ile “Faydalı Linkler\" modülü altında, kamuoyunda gündeme gelen asılsız iddialara cevap niteliğinde “İddialar ve Gerçekler\" alt bölümü eklenmişti.  \r\n\r\nYurt dışında tarımsal üretim yapmak isteyen iş insanlarına rehberlik amacıyla 12 ülke ile ilgili tüm bilgileri içeren “Ülke Masaları\"nın yanı sıra illerimiz bazında kovan, üretici, bal çeşitleri ve üretim miktarlarını yansıtan “Bal Haritası\" alt modülleri de son güncelleme ile kullanıcıların hizmete sunulmuştu.\r\n\r\nTarım ve Orman Bakanlığı Bilgi Teknolojileri Genel Müdürlüğünün kendi personel ve iç kaynaklarıyla geliştirdiği uygulamada bugüne kadar \"Bitkisel Üretim\", \"Hayvansal Üretim\", \"Desteklemeler\", \"e-Devlet Hizmetleri\", \"Destek Takvimi\", “Eğitim ve Yayın\" ile “Faydalı Bilgiler\"  gibi ana başlıklarda hizmetler veriliyordu.\r\n\r\nGÜNCELLEME İLE ÜÇ YENİ MODÜL EKLENDİ\r\n\r\nMobil uygulamada yapılan son güncelleme ile bugünden itibaren 2.0 versiyonu da hizmete sunuldu.\r\n\r\nBu güncelleme ile “Balıkçılık\", “Evcil Hayvanlar\" ve “Kent Tarımı\" modülleri de uygulamaya ilave edildi.\r\n\r\nYeni versiyona eklenen “Evcil Hayvanlar\" modülü üzerinden kullanıcılar, can dostlarına ilişkin veterinerleri tarafından işlenmiş aşılar dâhil tüm bilgilere erişebilecek ve mikroçipli ev hayvanı kaybolan kullanıcılar kayıp bildiriminde bulunabilecek.',NULL,1),
(3,'2023 Yılı Üniversite Öğrencilerinin Staj Başvuruları','​Cumhurbaşkanlığı İnsan Kaynakları Ofisi Başkanlığı tarafından cbiko.gov.tr adresinde; deprem felaketi nedeniyle...','​Cumhurbaşkanlığı İnsan Kaynakları Ofisi Başkanlığı tarafından cbiko.gov.tr adresinde; deprem felaketi nedeniyle Ulusal Staj Programının 02.03.2023-13.03.2023 tarihleri arasında yeni başvuru ve şehir tercihi güncellemelerine açıldığı ile ilgili duyuru yayınlanmıştır. ',NULL,1),
(4,'2023 Yılı Ortaöğretim Öğrencileri Staj Başvuruları','​20 Şubat - 20 Nisan tarihleri arasında e-Devlet üzerinden yapılacaktır...','2023 Yılı Ortaöğretim Öğrencileri Staj Başvuruları\n22.02.2023 / GÖSTERİM SAYSI : 2688 / ARŞİV\n​20 Şubat - 20 Nisan tarihleri arasında e-Devlet üzerinden yapılacaktır.\n\nPersonel Genel Müdürlüğünce hazırlanmış olan Staj Başvuru Uygulama Klavuzuna ulaşmak için lütfen tıklayınız.\n\nÖğrenciler tarafından doldurulması gereken Staj Başvuru Formuna ulaşmak için lütfen tıklayınız.\n\n',NULL,1),
(5,'Dostumu Koruyorum','Dostumu Koruyorum ','Dostumu Koruyorum','2023-05-31 20:21:47',0);

/*Table structure for table `patients` */

DROP TABLE IF EXISTS `patients`;

CREATE TABLE `patients` (
  `id` int(11) NOT NULL AUTO_INCREMENT,
  `veterinaryId` int(11) DEFAULT NULL,
  `userId` int(11) DEFAULT NULL,
  `hayvanadi` varchar(500) COLLATE utf8_turkish_ci DEFAULT NULL,
  `hastacinsi` varchar(500) COLLATE utf8_turkish_ci DEFAULT NULL,
  `rahatsizlik` varchar(500) COLLATE utf8_turkish_ci DEFAULT NULL,
  `durum` int(11) DEFAULT NULL,
  `kayit_baslangic` datetime DEFAULT NULL,
  `kayit_bitis` datetime DEFAULT NULL,
  `isActive` int(11) DEFAULT NULL,
  `createdDate` datetime DEFAULT NULL,
  `ownerName` text COLLATE utf8_turkish_ci,
  `ownerPhone` text COLLATE utf8_turkish_ci,
  PRIMARY KEY (`id`)
) ENGINE=InnoDB AUTO_INCREMENT=8 DEFAULT CHARSET=utf8 COLLATE=utf8_turkish_ci;

/*Data for the table `patients` */

insert  into `patients`(`id`,`veterinaryId`,`userId`,`hayvanadi`,`hastacinsi`,`rahatsizlik`,`durum`,`kayit_baslangic`,`kayit_bitis`,`isActive`,`createdDate`,`ownerName`,`ownerPhone`) values 
(1,5,NULL,'adasda','kedi','kedi',1,'2023-05-06 00:00:00',NULL,1,'2023-05-31 01:33:12','adsdsd','5316630352'),
(2,5,NULL,'test','kopek','kopek',2,'2023-05-11 00:00:00',NULL,1,'2023-05-31 02:34:30','adasdsd','5316630352'),
(3,5,NULL,'test3','kus','kus',3,'2023-05-12 00:00:00','2023-05-26 00:00:00',1,'2023-05-31 02:36:03','adadsad','(531) 660-35-2'),
(4,6,NULL,'test','kedi','aşı yapıldı',2,'2023-05-31 00:00:00','2023-05-11 00:00:00',1,'2023-05-31 11:38:56','Beyza Rabia Kılıçaslan','(530) 202-95-30'),
(5,6,NULL,'test 2','kopek','test 2',3,'2023-05-12 00:00:00','2023-05-19 00:00:00',1,'2023-05-31 12:28:23','Beyza Rabia Kılıçaslan','(295) 129-19-19'),
(6,6,NULL,'jymyyu','kedi','mtymtu',1,'2023-05-18 00:00:00',NULL,1,'2023-05-31 12:33:29','ıuk6','kmyrktykmutk'),
(7,6,NULL,'test 3','kus','test 3',1,'2023-05-31 00:00:00',NULL,1,'2023-05-31 12:37:38','Beyza Rabia Kılıçaslan','5302029530');

/*Table structure for table `slider` */

DROP TABLE IF EXISTS `slider`;

CREATE TABLE `slider` (
  `id` int(11) NOT NULL AUTO_INCREMENT,
  `head` varchar(255) COLLATE utf8_turkish_ci NOT NULL,
  `explanation` text COLLATE utf8_turkish_ci,
  `isActive` int(11) DEFAULT NULL,
  `createdDate` datetime DEFAULT NULL,
  PRIMARY KEY (`id`)
) ENGINE=InnoDB AUTO_INCREMENT=4 DEFAULT CHARSET=utf8 COLLATE=utf8_turkish_ci;

/*Data for the table `slider` */

insert  into `slider`(`id`,`head`,`explanation`,`isActive`,`createdDate`) values 
(1,'Test Slide 1','Örnek Metin',1,'2023-05-25 05:32:09'),
(2,'Test Slide 2','Örnek Metin',1,NULL),
(3,'Test Slide 3','Test Slide 3',1,'2023-05-21 03:43:41');

/*Table structure for table `subscribe` */

DROP TABLE IF EXISTS `subscribe`;

CREATE TABLE `subscribe` (
  `id` int(11) NOT NULL AUTO_INCREMENT,
  `email` varchar(255) COLLATE utf8_turkish_ci NOT NULL,
  `isActive` int(11) DEFAULT NULL,
  `createdDate` datetime DEFAULT NULL,
  PRIMARY KEY (`id`)
) ENGINE=InnoDB AUTO_INCREMENT=7 DEFAULT CHARSET=utf8 COLLATE=utf8_turkish_ci;

/*Data for the table `subscribe` */

insert  into `subscribe`(`id`,`email`,`isActive`,`createdDate`) values 
(1,'erenhabibasik@gmail.com',1,'2023-05-22 00:03:54'),
(2,'beyzarabia121@gmail.com',1,'2023-05-23 00:04:01'),
(3,'kvmer@gmail.com',1,'2023-05-23 00:04:03'),
(4,'g4gh46@gmail.com',0,'2023-05-23 00:04:06'),
(5,'sena.akbaba2002@gmail.com',NULL,NULL),
(6,'test',1,'2023-05-31 20:22:06');

/*Table structure for table `topic` */

DROP TABLE IF EXISTS `topic`;

CREATE TABLE `topic` (
  `id` int(11) NOT NULL AUTO_INCREMENT,
  `userId` int(11) DEFAULT NULL,
  `categoryId` int(11) DEFAULT NULL,
  `title` text COLLATE utf8_turkish_ci,
  `subject` text COLLATE utf8_turkish_ci,
  `createdDate` datetime DEFAULT NULL,
  `isActive` int(11) DEFAULT NULL,
  `isDeleted` int(11) DEFAULT NULL,
  PRIMARY KEY (`id`)
) ENGINE=InnoDB AUTO_INCREMENT=13 DEFAULT CHARSET=utf8 COLLATE=utf8_turkish_ci;

/*Data for the table `topic` */

insert  into `topic`(`id`,`userId`,`categoryId`,`title`,`subject`,`createdDate`,`isActive`,`isDeleted`) values 
(1,1,1,'Test Konu','test','2023-05-12 19:51:33',1,0),
(2,NULL,1,'test',' fdfsfsdf','2023-05-29 01:56:23',1,0),
(3,NULL,1,'test',' fdfsfsdf','2023-05-29 01:56:36',1,0),
(4,NULL,1,'test',' fdfsfsdf','2023-05-29 01:56:36',1,0),
(5,NULL,1,'sadasd',' sdasds','2023-05-29 01:57:14',1,0),
(6,1,1,'sadasd',' sdasds','2023-05-29 01:57:51',1,0),
(7,12,1,'test',' There are many variations of passages of Lorem Ipsum available, but the majority have suffered alteration in some form, by injected humour, or randomised words which don\'t look even slightly believable. If you are going to use a passage of Lorem Ipsum, you need to be sure there isn\'t anything embarrassing hidden in the middle of text. All the Lorem Ipsum generators on the Internet tend to repeat predefined chunks as necessary, making this the first true generator on the Internet. It uses a dictionary of over 200 Latin words, combined with a handful of model sentence structures, to generate Lorem Ipsum which looks reasonable. The generated Lorem Ipsum is therefore always free from repetition, injected humour, or non-characteristic words etc.','2023-06-01 01:49:15',1,0),
(8,12,2,'test1',' test2','2023-06-01 02:25:23',1,0),
(9,12,2,'test1',' test2','2023-06-01 02:25:25',1,0),
(10,12,2,'test1',' test2','2023-06-01 02:25:25',1,0),
(11,12,1,'test2',' dadsadasdas','2023-06-01 02:26:44',1,0),
(12,12,1,'test',' 3','2023-06-01 02:27:35',1,0);

/*Table structure for table `topiccategory` */

DROP TABLE IF EXISTS `topiccategory`;

CREATE TABLE `topiccategory` (
  `id` int(11) NOT NULL AUTO_INCREMENT,
  `categoryName` text COLLATE utf8_turkish_ci,
  `isActive` int(11) DEFAULT NULL,
  `createdDate` datetime DEFAULT NULL,
  PRIMARY KEY (`id`)
) ENGINE=InnoDB AUTO_INCREMENT=5 DEFAULT CHARSET=utf8 COLLATE=utf8_turkish_ci;

/*Data for the table `topiccategory` */

insert  into `topiccategory`(`id`,`categoryName`,`isActive`,`createdDate`) values 
(1,'İlaçlar',1,'2023-05-15 19:59:57'),
(2,'Hap',1,'2023-05-25 05:32:28'),
(3,'cfdfsd',0,'2023-05-24 15:05:41'),
(4,'testttt',0,'2023-05-31 20:21:22');

/*Table structure for table `topiccomment` */

DROP TABLE IF EXISTS `topiccomment`;

CREATE TABLE `topiccomment` (
  `id` int(11) NOT NULL AUTO_INCREMENT,
  `topicId` int(11) DEFAULT NULL,
  `userId` int(11) DEFAULT NULL,
  `comment` text COLLATE utf8_turkish_ci,
  `createdDate` datetime DEFAULT NULL,
  `isDeleted` int(11) DEFAULT NULL,
  PRIMARY KEY (`id`)
) ENGINE=InnoDB AUTO_INCREMENT=17 DEFAULT CHARSET=utf8 COLLATE=utf8_turkish_ci;

/*Data for the table `topiccomment` */

insert  into `topiccomment`(`id`,`topicId`,`userId`,`comment`,`createdDate`,`isDeleted`) values 
(1,6,1,'Test Yorum','2023-05-29 01:09:37',0),
(2,6,1,' ','2023-05-29 04:02:04',0),
(3,6,1,'dsadsd','2023-05-29 04:05:20',0),
(4,6,1,' ','2023-05-29 14:42:02',0),
(5,6,1,' ','2023-05-29 14:42:06',0),
(6,6,1,' ','2023-05-29 14:43:17',0),
(7,6,1,' sadasdsadsad','2023-05-29 14:43:23',0),
(8,6,1,'sdsad','2023-05-29 14:44:40',0),
(9,6,1,' ','2023-05-29 14:44:43',0),
(10,6,1,'    dsasadsadd','2023-05-29 14:46:27',0),
(11,6,1,' ddfdsf','2023-05-29 23:24:03',0),
(12,6,12,' test yorum','2023-05-30 02:08:44',0),
(13,1,12,' test','2023-05-31 02:27:10',0),
(14,6,14,' Test ediyorum deneme 1 2 ','2023-05-31 09:42:47',0),
(15,6,14,' çalışıyor tamamdır','2023-05-31 09:42:59',0),
(16,7,12,' test','2023-06-01 01:49:20',0);

/*Table structure for table `user` */

DROP TABLE IF EXISTS `user`;

CREATE TABLE `user` (
  `id` int(11) NOT NULL AUTO_INCREMENT,
  `firstname` varchar(100) COLLATE utf8_turkish_ci DEFAULT NULL,
  `lastname` varchar(100) COLLATE utf8_turkish_ci DEFAULT NULL,
  `fullname` varchar(100) COLLATE utf8_turkish_ci DEFAULT NULL,
  `tckno` varchar(11) COLLATE utf8_turkish_ci DEFAULT NULL,
  `email` varchar(100) COLLATE utf8_turkish_ci DEFAULT NULL,
  `password` varchar(100) COLLATE utf8_turkish_ci DEFAULT NULL,
  `gender` int(11) DEFAULT NULL,
  `dateOfBirth` varchar(30) COLLATE utf8_turkish_ci DEFAULT NULL,
  `isActive` int(11) DEFAULT '1',
  `isDeleted` int(11) DEFAULT '0',
  `createdDate` datetime DEFAULT NULL,
  `address` text COLLATE utf8_turkish_ci,
  `phone` varchar(20) COLLATE utf8_turkish_ci DEFAULT NULL,
  `X` float DEFAULT NULL,
  `Y` float DEFAULT NULL,
  `isVeterinary` int(11) DEFAULT NULL,
  PRIMARY KEY (`id`)
) ENGINE=InnoDB AUTO_INCREMENT=16 DEFAULT CHARSET=utf8 COLLATE=utf8_turkish_ci;

/*Data for the table `user` */

insert  into `user`(`id`,`firstname`,`lastname`,`fullname`,`tckno`,`email`,`password`,`gender`,`dateOfBirth`,`isActive`,`isDeleted`,`createdDate`,`address`,`phone`,`X`,`Y`,`isVeterinary`) values 
(4,'test','test',NULL,NULL,'test@gmail.com','test',1,'04-12-2000',1,1,'2022-12-31 21:21:54',NULL,'05259219519',NULL,NULL,NULL),
(7,'FDFS','sdfdf',NULL,'26548589524','et1@gmail.com','erenhabi8',1,'01-01-2000',1,0,'2023-05-29 03:24:39',NULL,'05316630353',NULL,NULL,NULL),
(8,NULL,NULL,NULL,NULL,NULL,NULL,NULL,NULL,1,0,NULL,NULL,NULL,NULL,NULL,NULL),
(12,'Eren Habib','Aşık',NULL,'49012226916','erenhabibasik@gmail.com','3afb92f5bd330ae2d363d2ded09550ca',1,'01-01-2000',1,0,'2023-05-30 00:24:09','sdsad adas dasd asd dsa asd','5316630352',1,2,1),
(13,'test','sadasd',NULL,'41157938716','erenhabibasik121212@gmail.com','3afb92f5bd330ae2d363d2ded09550ca',1,'01-01-2000',1,0,'2023-05-30 22:42:55',NULL,'05316630352',NULL,NULL,NULL),
(14,'Beyza Rabia ','Kılıçaslan','Beyza Rabia  Kılıçaslan','29305919312','beyzarabia121@gmail.com','ceb7c816625c311e3a4bc00856519bab',2,'NaN.NaN.NaN',1,0,'2023-05-31 09:40:47','girmek istemiyorum','05302029530',NULL,NULL,1),
(15,'İbrahim','Kav',NULL,'40732502946','ibrahimkaav@gmail.com','4297f44b13955235245b2497399d7a93',1,'08-14-2002',1,0,'2023-06-01 01:39:10',NULL,'05537173444',NULL,NULL,NULL);

/*Table structure for table `veterinary` */

DROP TABLE IF EXISTS `veterinary`;

CREATE TABLE `veterinary` (
  `id` int(11) NOT NULL AUTO_INCREMENT,
  `userId` int(11) DEFAULT NULL,
  `businessname` varchar(500) COLLATE utf8_turkish_ci DEFAULT NULL,
  `email` varchar(100) COLLATE utf8_turkish_ci DEFAULT NULL,
  `phone` varchar(20) COLLATE utf8_turkish_ci DEFAULT NULL,
  `address` text COLLATE utf8_turkish_ci NOT NULL,
  `x` float DEFAULT NULL,
  `y` float DEFAULT NULL,
  `approved` int(11) DEFAULT NULL,
  `createdDate` datetime DEFAULT NULL,
  `file` varchar(1000) COLLATE utf8_turkish_ci DEFAULT NULL,
  `image` binary(1) DEFAULT NULL,
  PRIMARY KEY (`id`)
) ENGINE=InnoDB AUTO_INCREMENT=7 DEFAULT CHARSET=utf8 COLLATE=utf8_turkish_ci;

/*Data for the table `veterinary` */

insert  into `veterinary`(`id`,`userId`,`businessname`,`email`,`phone`,`address`,`x`,`y`,`approved`,`createdDate`,`file`,`image`) values 
(1,NULL,'Eren abinin yeri','erenhabibasik@gmail.com','(531) 663-03-52','Güneşli Hürriyet Mh.',12,12,1,'2023-05-19 19:28:05','WelcomeFax.tif',NULL),
(5,12,'test','test@gmail.com','(531) 663-03-52','dfdsfsdfsdfsdfdsfsd',12.029,12.029,1,'2023-05-30 22:57:23','notepad.txt',NULL),
(6,14,'bk grup','beyzarabia121@gmail.com','(530) 202-95-30','test adresi',1111,1111,1,'2023-05-31 11:35:42','rgfeg.csv',NULL);

/*Table structure for table `yardim` */

DROP TABLE IF EXISTS `yardim`;

CREATE TABLE `yardim` (
  `id` int(11) NOT NULL AUTO_INCREMENT,
  `animalId` int(11) DEFAULT NULL,
  `ilId` int(11) DEFAULT NULL,
  `ilceId` int(11) DEFAULT NULL,
  `breed` text COLLATE utf8_turkish_ci,
  `time` time DEFAULT NULL,
  `address` text COLLATE utf8_turkish_ci,
  `directions` text COLLATE utf8_turkish_ci,
  `createDate` datetime DEFAULT NULL,
  `x` float DEFAULT NULL,
  `y` float DEFAULT NULL,
  `animal` text COLLATE utf8_turkish_ci,
  `userId` int(11) DEFAULT NULL,
  PRIMARY KEY (`id`)
) ENGINE=InnoDB AUTO_INCREMENT=2 DEFAULT CHARSET=utf8 COLLATE=utf8_turkish_ci;

/*Data for the table `yardim` */

insert  into `yardim`(`id`,`animalId`,`ilId`,`ilceId`,`breed`,`time`,`address`,`directions`,`createDate`,`x`,`y`,`animal`,`userId`) values 
(1,NULL,4,43,'adasdsd','03:01:00','casdsad','sdasd','2023-05-30 03:32:32',12,12,NULL,12);

/*!40101 SET SQL_MODE=@OLD_SQL_MODE */;
/*!40014 SET FOREIGN_KEY_CHECKS=@OLD_FOREIGN_KEY_CHECKS */;
/*!40014 SET UNIQUE_CHECKS=@OLD_UNIQUE_CHECKS */;
/*!40111 SET SQL_NOTES=@OLD_SQL_NOTES */;
